ID;RESOURCE;PROPERTY;VOICEOVER;KEY;BR;CZ;RU;AR;TR;CN;PL;IT;FR;DE;ZH;ESMX;EN;KR;ES;JP;HU
184052304;"CStoryScene ""dlc\dlcdandelionjh1\scenes\dlcdandjhscene6.w2scene""";Line text;PRIS__184052304;;;;;;;;;;;;;;Hey, Geralt! So nice to see you!;;;;
184052305;"CStoryScene ""dlc\dlcdandelionjh1\scenes\dlcdandjhscene6.w2scene""";Line comment;;;;;;;;;;;;;;;;;;;
184052306;"CStoryScene ""dlc\dlcdandelionjh1\scenes\dlcdandjhscene6.w2scene""";Line text;GRLT__184052306;;;;;;;;;;;;;;Hello. Good to see you're back on stage, Priscilla.;;;;
184052307;"CStoryScene ""dlc\dlcdandelionjh1\scenes\dlcdandjhscene6.w2scene""";Line comment;;;;;;;;;;;;;;;;;;;
184052308;"CStoryScene ""dlc\dlcdandelionjh1\scenes\dlcdandjhscene6.w2scene""";Line text;PRIS__184052308;;;;;;;;;;;;;;Sometimes, Geralt, a simple 'thank you' feels insufficient... but it's what I have to offer, along with some music.;;;;
184052309;"CStoryScene ""dlc\dlcdandelionjh1\scenes\dlcdandjhscene6.w2scene""";Line comment;;;;;;;;;;;;;;;;;;;
184052310;"CStoryScene ""dlc\dlcdandelionjh1\scenes\dlcdandjhscene6.w2scene""";Line text;CIRI__184052310;;;;;;;;;;;;;;Ho-ho, I sense trouble.;;;;
184052311;"CStoryScene ""dlc\dlcdandelionjh1\scenes\dlcdandjhscene6.w2scene""";Line comment;;;;;;;;;;;;;;;;;;;
184052312;"CStoryScene ""dlc\dlcdandelionjh1\scenes\dlcdandjhscene6.w2scene""";Line text;GRLT__184052312;;;;;;;;;;;;;;A little surprise for us, before we depart. How's that..?;;;;
184052313;"CStoryScene ""dlc\dlcdandelionjh1\scenes\dlcdandjhscene6.w2scene""";Line comment;;;;;;;;;;;;;;;;;;;
184052314;"CStoryScene ""dlc\dlcdandelionjh1\scenes\dlcdandjhscene6.w2scene""";Line text;CIRI__184052314;;;;;;;;;;;;;;Mmm, Splendid! I'm not in that much of a hurry..;;;;
184052315;"CStoryScene ""dlc\dlcdandelionjh1\scenes\dlcdandjhscene6.w2scene""";Line comment;;;;;;;;;;;;;;;;;;;
184052316;"CStoryScene ""dlc\dlcdandelionjh1\scenes\dlcdandjhscene6.w2scene""";Line text;GRLT__184052316;;;;;;;;;;;;;;Wasn't really my idea, you can thank Dandelion.;;;;
184052317;"CStoryScene ""dlc\dlcdandelionjh1\scenes\dlcdandjhscene6.w2scene""";Line comment;;;;;;;;;;;;;;;;;;;
184052318;"CStoryScene ""dlc\dlcdandelionjh1\scenes\dlcdandjhscene6.w2scene""";Line text;DAND__184052318;;;;;;;;;;;;;;Ha, You're most welcome Ciri! I hope you are ready to hear our new song?;;;;
184052319;"CStoryScene ""dlc\dlcdandelionjh1\scenes\dlcdandjhscene6.w2scene""";Line comment;;;;;;;;;;;;;;;;;;;
184052320;"CStoryScene ""dlc\dlcdandelionjh1\scenes\dlcdandjhscene6.w2scene""";Line text;CIRI__184052320;;;;;;;;;;;;;;Of course.;;;;
184052321;"CStoryScene ""dlc\dlcdandelionjh1\scenes\dlcdandjhscene6.w2scene""";Line comment;;;;;;;;;;;;;;;;;;;
184052322;"CStoryScene ""dlc\dlcdandelionjh1\scenes\dlcdandjhscene6.w2scene""";Line text;YENN__184052322;;;;;;;;;;;;;;I considered suggesting this wasn't quite the suitable moment for this, but..;;;;
184052323;"CStoryScene ""dlc\dlcdandelionjh1\scenes\dlcdandjhscene6.w2scene""";Line comment;;;;;;;;;;;;;;;;;;;
184052324;"CStoryScene ""dlc\dlcdandelionjh1\scenes\dlcdandjhscene6.w2scene""";Line text;TRSS__184052324;;;;;;;;;;;;;;You don't like it?;;;;
184052325;"CStoryScene ""dlc\dlcdandelionjh1\scenes\dlcdandjhscene6.w2scene""";Line comment;;;;;;;;;;;;;;;;;;;
10000000;"CStoryScene ""dlc\dlcdandelionjh1\scenes\cartjh1.w2scene""";Line comment;;;;;;;;;;;;;;;;;;;
184052326;"CStoryScene ""dlc\dlcdandelionjh1\scenes\dlcdandjhscene6.w2scene""";Line text;YENN__184052326;;;;;;;;;;;;;;Well.. Considering Dandelion's generous hospitality as of late, refusing would be rather ungracious of me.;;;;
10000001;"CStoryScene ""dlc\dlcdandelionjh1\scenes\cartjh1.w2scene""";Line text;GRLT__10000001;;;;;;;;;;;;;;testing testing man wtf is happen;;;;
184052327;"CStoryScene ""dlc\dlcdandelionjh1\scenes\dlcdandjhscene6.w2scene""";Line comment;;;;;;;;;;;;;;;;;;;
184052328;"CStoryScene ""dlc\dlcdandelionjh1\scenes\dlcdandjhscene6.w2scene""";Line text;TRSS__184052328;;;;;;;;;;;;;;I won't disagree.;;;;
184052329;"CStoryScene ""dlc\dlcdandelionjh1\scenes\dlcdandjhscene6.w2scene""";Line comment;;;;;;;;;;;;;;;;;;;
184052330;"CStoryScene ""dlc\dlcdandelionjh1\scenes\dlcdandjhscene6.w2scene""";Line text;CIRI__184052330;;;;;;;;;;;;;;Heh, thanks a lot!;;;;
184052331;"CStoryScene ""dlc\dlcdandelionjh1\scenes\dlcdandjhscene6.w2scene""";Line comment;;;;;;;;;;;;;;;;;;;
184052332;"CStoryScene ""dlc\dlcdandelionjh1\scenes\dlcdandjhscene6.w2scene""";Line text;DAND__184052332;;;;;;;;;;;;;;Good! Speaking of songs reminds me.. Have you heard the song Priscilla made, when she was..;;;;
184052333;"CStoryScene ""dlc\dlcdandelionjh1\scenes\dlcdandjhscene6.w2scene""";Line comment;;;;;;;;;;;;;;;;;;;
184052334;"CStoryScene ""dlc\dlcdandelionjh1\scenes\dlcdandjhscene6.w2scene""";Line text;PHIL__184052334;;;;;;;;;;;;;;Oh my..;;;;
184052335;"CStoryScene ""dlc\dlcdandelionjh1\scenes\dlcdandjhscene6.w2scene""";Line comment;;;;;;;;;;;;;;;;;;;
184052336;"CStoryScene ""dlc\dlcdandelionjh1\scenes\dlcdandjhscene6.w2scene""";Line text;DAND__184052336;;;;;;;;;;;;;;Ah, glad you could join us, ladies!;;;;
184052337;"CStoryScene ""dlc\dlcdandelionjh1\scenes\dlcdandjhscene6.w2scene""";Line comment;;;;;;;;;;;;;;;;;;;
184052338;"CStoryScene ""dlc\dlcdandelionjh1\scenes\dlcdandjhscene6.w2scene""";Line text;PHIL__184052338;;;;;;;;;;;;;;Mhm.. I could not deny myself the pleasure..;;;;
184052339;"CStoryScene ""dlc\dlcdandelionjh1\scenes\dlcdandjhscene6.w2scene""";Line comment;;;;;;;;;;;;;;;;;;;
184052340;"CStoryScene ""dlc\dlcdandelionjh1\scenes\dlcdandjhscene6.w2scene""";Line text;MGLA__184052340;;;;;;;;;;;;;;Philippa!;;;;
184052341;"CStoryScene ""dlc\dlcdandelionjh1\scenes\dlcdandjhscene6.w2scene""";Line comment;;;;;;;;;;;;;;;;;;;
184052342;"CStoryScene ""dlc\dlcdandelionjh1\scenes\dlcdandjhscene6.w2scene""";Line text;DAND__184052342;;;;;;;;;;;;;;How... delightful. Though I must admit, our definition of pleasure may differ.;;;;
184052343;"CStoryScene ""dlc\dlcdandelionjh1\scenes\dlcdandjhscene6.w2scene""";Line comment;;;;;;;;;;;;;;;;;;;
184052344;"CStoryScene ""dlc\dlcdandelionjh1\scenes\dlcdandjhscene6.w2scene""";Line text;ZOLT__184052344;;;;;;;;;;;;;;Sure!;;;;
184052345;"CStoryScene ""dlc\dlcdandelionjh1\scenes\dlcdandjhscene6.w2scene""";Line comment;;;;;;;;;;;;;;;;;;;
184052346;"CStoryScene ""dlc\dlcdandelionjh1\scenes\dlcdandjhscene6.w2scene""";Line text;CIRI__184052346;;;;;;;;;;;;;;Really? A tavern, mulled wine.. I'd like nothing better!;;;;
184052347;"CStoryScene ""dlc\dlcdandelionjh1\scenes\dlcdandjhscene6.w2scene""";Line comment;;;;;;;;;;;;;;;;;;;
184052348;"CStoryScene ""dlc\dlcdandelionjh1\scenes\dlcdandjhscene6.w2scene""";Line text;GRLT__184052348;;;;;;;;;;;;;;That's more than enough. I'm glad you've recovered.;;;;
184052349;"CStoryScene ""dlc\dlcdandelionjh1\scenes\dlcdandjhscene6.w2scene""";Line comment;;;;;;;;;;;;;;;;;;;
184052350;"CStoryScene ""dlc\dlcdandelionjh1\scenes\dlcdandjhscene6.w2scene""";Line text;YENN__184052350;;;;;;;;;;;;;;Might as well enjoy ourselves.;;;;
184052351;"CStoryScene ""dlc\dlcdandelionjh1\scenes\dlcdandjhscene6.w2scene""";Line comment;;;;;;;;;;;;;;;;;;;
184052352;"CStoryScene ""dlc\dlcdandelionjh1\scenes\dlcdandjhscene6.w2scene""";Line text;DAND__184052352;;;;;;;;;;;;;;Either way, let's get started. Zoltan, help me with the benches will you..?;;;;
184052353;"CStoryScene ""dlc\dlcdandelionjh1\scenes\dlcdandjhscene6.w2scene""";Line comment;;;;;;;;;;;;;;;;;;;
184052354;"CStoryScene ""dlc\dlcdandelionjh1\scenes\dlcdandjhscene6.w2scene""";Line text;PRIS__184052354;;;;;;;;;;;;;;Yes, a shame I can't sing though..;;;;
184052355;"CStoryScene ""dlc\dlcdandelionjh1\scenes\dlcdandjhscene6.w2scene""";Line comment;;;;;;;;;;;;;;;;;;;
184052356;"CStoryScene ""dlc\dlcdandelionjh1\scenes\dlcdandjhscene6.w2scene""";Line text;GRLT__184052356;;;;;;;;;;;;;;Evening..;;;;
184052357;"CStoryScene ""dlc\dlcdandelionjh1\scenes\dlcdandjhscene6.w2scene""";Line comment;;;;;;;;;;;;;;;;;;;
184052358;"CStoryScene ""dlc\dlcdandelionjh1\scenes\dlcdandjhscene6.w2scene""";Line text;DAND__184052358;;;;;;;;;;;;;;Ah, there you are, my friend! Welcome!;;;;
184052359;"CStoryScene ""dlc\dlcdandelionjh1\scenes\dlcdandjhscene6.w2scene""";Line comment;;;;;;;;;;;;;;;;;;;
184052360;"CStoryScene ""dlc\dlcdandelionjh1\scenes\dlcdandjhscene6.w2scene""";Line text;CIRI__184052360;;;;;;;;;;;;;;.. what's this?!;;;;
184052361;"CStoryScene ""dlc\dlcdandelionjh1\scenes\dlcdandjhscene6.w2scene""";Line comment;;;;;;;;;;;;;;;;;;;
184052362;"CStoryScene ""dlc\dlcdandelionjh1\scenes\dlcdandjhscene6.w2scene""";Line text;DAND__184052362;;;;;;;;;;;;;;Thank you!;;;;
184052363;"CStoryScene ""dlc\dlcdandelionjh1\scenes\dlcdandjhscene6.w2scene""";Line comment;;;;;;;;;;;;;;;;;;;
184052364;"CStoryScene ""dlc\dlcdandelionjh1\scenes\dlcdandjhscene6.w2scene""";Line text;DAND__184052364;;;;;;;;;;;;;;Oh, thank you, my dear friends.;;;;
184052365;"CStoryScene ""dlc\dlcdandelionjh1\scenes\dlcdandjhscene6.w2scene""";Line comment;;;;;;;;;;;;;;;;;;;
184052366;"CStoryScene ""dlc\dlcdandelionjh1\scenes\dlcdandjhscene6.w2scene""";Line text;DAND__184052366;;;;;;;;;;;;;;Thus, me and Priscilla were inspired to compose a new song for you.;;;;
184052367;"CStoryScene ""dlc\dlcdandelionjh1\scenes\dlcdandjhscene6.w2scene""";Line comment;;;;;;;;;;;;;;;;;;;
184052368;"CStoryScene ""dlc\dlcdandelionjh1\scenes\dlcdandjhscene6.w2scene""";Line text;DAND__184052368;;;;;;;;;;;;;;By the by, how do you like the sound of my lute? Triss wove some magical allure into its strings. I quite like it myself. Bravo, Triss.;;;;
184052369;"CStoryScene ""dlc\dlcdandelionjh1\scenes\dlcdandjhscene6.w2scene""";Line comment;;;;;;;;;;;;;;;;;;;
184052370;"CStoryScene ""dlc\dlcdandelionjh1\scenes\dlcdandjhscene6.w2scene""";Line text;TRSS__184052370;;;;;;;;;;;;;;Mhm, not a problem..;;;;
184052371;"CStoryScene ""dlc\dlcdandelionjh1\scenes\dlcdandjhscene6.w2scene""";Line comment;;;;;;;;;;;;;;;;;;;
184052372;"CStoryScene ""dlc\dlcdandelionjh1\scenes\dlcdandjhscene6.w2scene""";Line text;DAND__184052372;;;;;;;;;;;;;;Thank you my dear. Nevertheless, this song we composed is.. it's.. hmm..;;;;
184052373;"CStoryScene ""dlc\dlcdandelionjh1\scenes\dlcdandjhscene6.w2scene""";Line comment;;;;;;;;;;;;;;;;;;;
184052374;"CStoryScene ""dlc\dlcdandelionjh1\scenes\dlcdandjhscene6.w2scene""";Line text;PRIS__184052374;;;;;;;;;;;;;;It's not a farewell song, but more like a promise.;;;;
184052375;"CStoryScene ""dlc\dlcdandelionjh1\scenes\dlcdandjhscene6.w2scene""";Line comment;;;;;;;;;;;;;;;;;;;
184052376;"CStoryScene ""dlc\dlcdandelionjh1\scenes\dlcdandjhscene6.w2scene""";Line text;CIRI__184052376;;;;;;;;;;;;;;Ooo, Thank you.;;;;
184052377;"CStoryScene ""dlc\dlcdandelionjh1\scenes\dlcdandjhscene6.w2scene""";Line comment;;;;;;;;;;;;;;;;;;;
184052378;"CStoryScene ""dlc\dlcdandelionjh1\scenes\dlcdandjhscene6.w2scene""";Line text;DAND__184052378;;;;;;;;;;;;;;This song is called, Little Swallow.;;;;
184052379;"CStoryScene ""dlc\dlcdandelionjh1\scenes\dlcdandjhscene6.w2scene""";Line comment;;;;;;;;;;;;;;;;;;;
184052380;"CStoryScene ""dlc\dlcdandelionjh1\scenes\dlcdandjhscene6.w2scene""";Line text;YENN__184052380;;;;;;;;;;;;;;It's surprisingly pleasant.. Beautiful enchantment, Triss.;;;;
184052381;"CStoryScene ""dlc\dlcdandelionjh1\scenes\dlcdandjhscene6.w2scene""";Line comment;;;;;;;;;;;;;;;;;;;
184052382;"CStoryScene ""dlc\dlcdandelionjh1\scenes\dlcdandjhscene6.w2scene""";Line text;PRIS__184052382;;;;;;;;;;;;;;Mhm, I think the fingers have something to do with the sound as well..;;;;
184052383;"CStoryScene ""dlc\dlcdandelionjh1\scenes\dlcdandjhscene6.w2scene""";Line comment;;;;;;;;;;;;;;;;;;;
184052384;"CStoryScene ""dlc\dlcdandelionjh1\scenes\dlcdandjhscene6.w2scene""";Line text;DAND__184052384;;;;;;;;;;;;;;Ah, yes. A promise that when the wild hunt is defeated, we shall add the verses to it..;;;;
184052385;"CStoryScene ""dlc\dlcdandelionjh1\scenes\dlcdandjhscene6.w2scene""";Line comment;;;;;;;;;;;;;;;;;;;
184052386;"CStoryScene ""dlc\dlcdandelionjh1\scenes\dlcdandjhscene6.w2scene""";Line text;DAND__184052386;;;;;;;;;;;;;;This song is for you all, but most of all for you, Ciri.;;;;
184052387;"CStoryScene ""dlc\dlcdandelionjh1\scenes\dlcdandjhscene6.w2scene""";Line comment;;;;;;;;;;;;;;;;;;;
184052388;"CStoryScene ""dlc\dlcdandelionjh1\scenes\dlcdandjhscene6.w2scene""";Line text;DAND__184052388;;;;;;;;;;;;;;As we stand at the precipice of what shall surely be the most magnificent tale I've yet had the privilege to witness.;;;;
184052389;"CEntityTemplate ""dlc\dlcdandelionjh1\horse_background_copyjh.w2ent""";Entity display name;;;;;;;;;;;;;;;;;;;
184052390;"CStoryScene ""dlc\dlcdandelionjh1\scenes\dlcdandjhscene6.w2scene""";Line comment;;;;;;;;;;;;;;;;;;;
184052391;"CStoryScene ""dlc\dlcdandelionjh1\scenes\dlcdandjhscene6.w2scene""";Line text;GRLT__184052391;;;;;;;;;;;;;;Hmmm..?;;;;
184052392;"CStoryScene ""dlc\dlcdandelionjh1\scenes\dlcdandjhscene6.w2scene""";Line comment;;;;;;;;;;;;;;;;;;;
184052393;"CStoryScene ""dlc\dlcdandelionjh1\scenes\dlcdandjhscene6.w2scene""";Line text;ZOLT__184052393;;;;;;;;;;;;;;Prime, I say!;;;;
184052394;"CStoryScene ""dlc\dlcdandelionjh1\scenes\dlcdandjhscene6.w2scene""";Line comment;;;;;;;;;;;;;;;;;;;
184052395;"CStoryScene ""dlc\dlcdandelionjh1\scenes\dlcdandjhscene6.w2scene""";Line text;GRLT__184052395;;;;;;;;;;;;;;I guess that was..;;;;
184052396;"CStoryScene ""dlc\dlcdandelionjh1\scenes\dlcdandjhscene6.w2scene""";Line comment;;;;;;;;;;;;;;;;;;;
184052397;"CStoryScene ""dlc\dlcdandelionjh1\scenes\dlcdandjhscene6.w2scene""";Line text;GRLT__184052397;;;;;;;;;;;;;;Nice.;;;;
184052398;"CStoryScene ""dlc\dlcdandelionjh1\scenes\dlcdandjhscene1.w2scene""";Line comment;;;;;;;;;;;;;;;;;;;
184052399;"CStoryScene ""dlc\dlcdandelionjh1\scenes\dlcdandjhscene1.w2scene""";Line text;GRLT__184052399;;;;;;;;;;;;;;I guess, it could turn out alright..;;;;
184052400;"CStoryScene ""dlc\dlcdandelionjh1\scenes\dlcdandjhscene2.w2scene""";Line comment;;;;;;;;;;;;;;;;;;;
184052401;"CStoryScene ""dlc\dlcdandelionjh1\scenes\dlcdandjhscene2.w2scene""";Line text;NNBM1__184052401;;;;;;;;;;;;;;Thank you! I'm sure you are more than a match for him!;;;;
184052402;"CStoryScene ""dlc\dlcdandelionjh1\scenes\dlcdandjhscene6.w2scene""";Line comment;;;;;;;;;;;;;;;;;;;
184052403;"CStoryScene ""dlc\dlcdandelionjh1\scenes\dlcdandjhscene6.w2scene""";Line text;TRSS__184052403;;;;;;;;;;;;;;Thanks.;;;;
184052404;"CStoryScene ""dlc\dlcdandelionjh1\scenes\dlcdandjhscene2.w2scene""";Line comment;;;;;;;;;;;;;;;;;;;
184052405;"CStoryScene ""dlc\dlcdandelionjh1\scenes\dlcdandjhscene2.w2scene""";Line text;NNBM1__184052405;;;;;;;;;;;;;;Three hundred and fifty seven bushels of tomatoes.. One hundred and seventy eight bottles of Est Est.. Two hundred and..;;;;
184052406;"CStoryScene ""dlc\dlcdandelionjh1\scenes\janukovitschatjh.w2scene""";Line comment;;;;;;;;;;;;;;;;;;;
184052407;"CStoryScene ""dlc\dlcdandelionjh1\scenes\janukovitschatjh.w2scene""";Line text;NNBM1__184052407;;;;;;;;;;;;;;Hmm, So tell me Mikhael, how was it seeing a witcher in action?;;;;
184052408;"CStoryScene ""dlc\dlcdandelionjh1\scenes\janukovitschatjh.w2scene""";Line comment;;;;;;;;;;;;;;;;;;;
184052409;"CStoryScene ""dlc\dlcdandelionjh1\scenes\janukovitschatjh.w2scene""";Line text;NNBM2__184052409;;;;;;;;;;;;;;Well, to tell you the truth, I didn't see a lot as I was hiding under the cart..;;;;
184052410;"CStoryScene ""dlc\dlcdandelionjh1\scenes\janukovitschatjh.w2scene""";Line comment;;;;;;;;;;;;;;;;;;;
184052411;"CStoryScene ""dlc\dlcdandelionjh1\scenes\janukovitschatjh.w2scene""";Line text;NNBM1__184052411;;;;;;;;;;;;;;What, so you missed seeing all the action..?;;;;
184052412;"CStoryScene ""dlc\dlcdandelionjh1\scenes\janukovitschatjh.w2scene""";Line comment;;;;;;;;;;;;;;;;;;;
184052413;"CStoryScene ""dlc\dlcdandelionjh1\scenes\janukovitschatjh.w2scene""";Line text;NNBM2__184052413;;;;;;;;;;;;;;I just remember that at the start, the Witcher casted some windy spell and the dwarf was swinging his axe furiously as blood started flying..;;;;
184052414;"CStoryScene ""dlc\dlcdandelionjh1\scenes\janukovitschatjh.w2scene""";Line comment;;;;;;;;;;;;;;;;;;;
184052415;"CStoryScene ""dlc\dlcdandelionjh1\scenes\janukovitschatjh.w2scene""";Line text;NNBM1__184052415;;;;;;;;;;;;;;Well, I guess that counts for something.;;;;
184052416;"CJournalResource ""gameplay\journal\quests\dlcdalladjhq1.journal""";Journal;;;;;;;;;;;;;;;Kill Steve and his gang;;;;
184052417;"CJournalResource ""gameplay\journal\quests\dlcdalladjhq1.journal""";Journal;;;;;;;;;;;;;;;Go back to Dandelion;;;;
184052418;"CJournalResource ""gameplay\journal\quests\dlcdalladjhq1.journal""";Journal;;;;;;;;;;;;;;;Ah, what a turn of events! After a tumultuous day fraught with haggling, and some rather unfortunate (for the bandits, that is) encounters, Janukovits relented and reduced his prices to a more acceptable figure. Geralt and Zoltan made quick work of the bandit issue - apparently, as Zoltan later told me, the bandits found themselves entirely outmatched when our steadfast friends sprung their trap from a merchant's cart.

With that out of the way, all that was left was to organize everything for the grand party at the Chameleon.

And what a send-off it was, if I do say so myself. The Chameleon was overflowing with laughter, music, drink, and the mingling scents of delicate perfumes. A true night to remember for Geralt, Ciri, the sorceresses and of course me, and Priscilla. Even Avallach decided to join at some point.

After everything was said and done, I think we all felt a little more prepared—or at least a little more at peace - facing whatever comes next. I only hope my small contribution helped give everyone a moment of joy and respite before the trials continue.;;;;
184052419;"CJournalResource ""gameplay\journal\quests\dlcdalladjhq1.journal""";Journal;;;;;;;;;;;;;;;Come back to the Chameleon after 8. pm;;;;
184052420;"CJournalResource ""gameplay\journal\quests\dlcdalladjhq1.journal""";Journal;;;;;;;;;;;;;;;Take care of business with Yen & Triss first;;;;
184052421;"CJournalResource ""gameplay\journal\quests\dlcdalladjhq1.journal""";Journal;;;;;;;;;;;;;;;After all the trouble with Janukovits and the bandits, I had been so excited to host a grand farewell party for Geralt, Ciri, and the sorceresses here at the Chameleon. However, it seems that my well-laid plans have fell apart in the most disheartening way.

Despite all our efforts, securing the supplies, arranging for food and drink, and even making sure the prices could be negotiated favorably, Geralt and his companions left for Skellige on a ship without even a word about the party.

Were they so pressed for time that a single night of revelry was out of the question? Did they forget? Or maybe, in the chaos of preparing for the battle against the Wild Hunt, they simply had other, more pressing matters demanding their immediate attention.

May the winds carry you safely to your destination. I only wished I could have given you a proper send-off. Maybe next time.;;;;
184052422;"CStoryScene ""dlc\dlcdandelionjh1\scenes\zoltandanchatsjh1.w2scene""";Line comment;;;;;;;;;;;;;;;;;;;
184052423;"CStoryScene ""dlc\dlcdandelionjh1\scenes\zoltandanchatsjh1.w2scene""";Line text;GRLT__184052423;;;;;;;;;;;;;;This dragged out longer than Dandelion bargained for, I'd wager.. Any insights into what he's got brewing for the evening..?;;;;
184052424;"CStoryScene ""dlc\dlcdandelionjh1\scenes\zoltandanchatsjh1.w2scene""";Line comment;;;;;;;;;;;;;;;;;;;
184052425;"CStoryScene ""dlc\dlcdandelionjh1\scenes\zoltandanchatsjh1.w2scene""";Line text;ZOLT__184052425;;;;;;;;;;;;;;Heh, don't you worry.. This will be true poetry Geralt, you'll see.;;;;
184052426;"CStoryScene ""dlc\dlcdandelionjh1\scenes\zoltandanchatsjh1.w2scene""";Line comment;;;;;;;;;;;;;;;;;;;
184052427;"CStoryScene ""dlc\dlcdandelionjh1\scenes\zoltandanchatsjh1.w2scene""";Line text;GRLT__184052427;;;;;;;;;;;;;;Poetry? Well, who would have guessed.. We are talking about Dandelion after all.;;;;
184052428;"CStoryScene ""dlc\dlcdandelionjh1\scenes\zoltandanchatsjh1.w2scene""";Line comment;;;;;;;;;;;;;;;;;;;
184052429;"CStoryScene ""dlc\dlcdandelionjh1\scenes\zoltandanchatsjh1.w2scene""";Line text;ZOLT__184052429;;;;;;;;;;;;;;Hehehehe!;;;;
184052430;"CStoryScene ""dlc\dlcdandelionjh1\scenes\dlcdandsteelstevelines.w2scene""";Line comment;;;;;;;;;;;;;;;;;;;
184052431;"CStoryScene ""dlc\dlcdandelionjh1\scenes\dlcdandsteelstevelines.w2scene""";Line text;TBS01__184052431;;;;;;;;;;;;;;As in gwent, as in life, the most important thing is to never make any mistakes. Ever.;;;;
184052432;"CStoryScene ""dlc\dlcdandelionjh1\scenes\dlcdandsteelstevelines.w2scene""";Line comment;;;;;;;;;;;;;;;;;;;
184052433;"CStoryScene ""dlc\dlcdandelionjh1\scenes\dlcdandsteelstevelines.w2scene""";Line text;TBS01__184052433;;;;;;;;;;;;;;Hmmm.. This must be the longest game of Gwent I've ever played..;;;;
184052434;"CStoryScene ""dlc\dlcdandelionjh1\scenes\dlcdandsteelstevelines.w2scene""";Line comment;;;;;;;;;;;;;;;;;;;
184052435;"CStoryScene ""dlc\dlcdandelionjh1\scenes\dlcdandsteelstevelines.w2scene""";Line text;TBS01__184052435;;;;;;;;;;;;;;I'm quite sure that I do not have any business with you, white haired one.;;;;
184052436;"CStoryScene ""dlc\dlcdandelionjh1\scenes\dlcdandjhscene2.w2scene""";Line comment;;;;;;;;;;;;;;;;;;;
184052437;"CStoryScene ""dlc\dlcdandelionjh1\scenes\dlcdandjhscene2.w2scene""";Line text;GRLT__184052437;;;;;;;;;;;;;;Hmm..;;;;
184052040;"CStoryScene ""dlc\dlcdandelionjh1\scenes\dlcdandjhscene1.w2scene""";Line comment;;;;;;;;;;;;;;;;;;;
184052041;"CStoryScene ""dlc\dlcdandelionjh1\scenes\dlcdandjhscene1.w2scene""";Line text;DAND__184052041;;;;;;;;;;;;;;Hmm..;;;;
184052042;"CStoryScene ""dlc\dlcdandelionjh1\scenes\cartjh1.w2scene""";Line comment;;;;;;;;;;;;;;;;;;;
184052043;"CStoryScene ""dlc\dlcdandelionjh1\scenes\cartjh1.w2scene""";Line text;TBW11__184052043;;;;;;;;;;;;;;Psst.. Boss.. There's a cart on the approach — lone as a drunk in a graveyard.;;;;
184052044;"CStoryScene ""dlc\dlcdandelionjh1\scenes\cartjh1.w2scene""";Line comment;;;;;;;;;;;;;;;;;;;
184052045;"CStoryScene ""dlc\dlcdandelionjh1\scenes\cartjh1.w2scene""";Line text;GRLT__184052045;;;;;;;;;;;;;;I guess it's too late to ask you to surrender, so no one has to die..?;;;;
184052046;"CStoryScene ""dlc\dlcdandelionjh1\scenes\dlcdandjhscene1.w2scene""";Line comment;;;;;;;;;;;;;;;;;;;
184052047;"CStoryScene ""dlc\dlcdandelionjh1\scenes\dlcdandjhscene1.w2scene""";Line text;ZOLT__184052047;;;;;;;;;;;;;;Uhh.. we've a wee problem then?;;;;
184052048;"CJournalResource ""gameplay\journal\quests\dlcdalladjh1.journal""";Journal;;;;;;;;;;;;;;;A Proper Send-off;;;;
184052049;"CJournalResource ""gameplay\journal\quests\dlcdalladjhq1.journal""";Journal;;;;;;;;;;;;;;;A Proper Send-off;;;;
184052050;"CJournalResource ""gameplay\journal\quests\dlcdalladjhq1.journal""";Journal;;;;;;;;;;;;;;;Well, here I am yet again, finding myself in a bit of a pickle. I had the most splendid idea to throw a grand farewell party for Geralt, Ciri, and the sorceresses - given that they're off to face the Wild Hunt. Such a momentous occasion calls for nothing less than an epic soiree, filled with music and the finest ales and vittles that Novigrad has to offer.

But, alas, the fates seem intent on making my life difficult. I've been grappling with a rather droll suppier by the name of Janukovits Vobblewick, who seems to believe that now is the perfect time to inflate his prices. He also happens to sell the best wine around, among other things. Alas, his repeated hikes have made it nearly impossible to secure the necessary supplies for our soiree. So, naturally, I called upon Geralt for aid, as friends should.

Geralt agreed to help with this petty yet pressing matter. With Zoltan in tow, they went to negotiate with Janukovits at the market.;;;;
184052051;"CJournalResource ""gameplay\journal\quests\dlcdalladjhq1.journal""";Journal;;;;;;;;;;;;;;;Follow Zoltan;;;;
184052052;"CStoryScene ""dlc\dlcdandelionjh1\scenes\dlcdandjhscene1.w2scene""";Line comment;;;;;;;;;;;;;;;;;;;
184052053;"CStoryScene ""dlc\dlcdandelionjh1\scenes\dlcdandjhscene1.w2scene""";Line text;DAND__184052053;;;;;;;;;;;;;;oh, blast it..! this really won't do..;;;;
184052054;"CStoryScene ""dlc\dlcdandelionjh1\scenes\dlcdandjhscene1.w2scene""";Line comment;;;;;;;;;;;;;;;;;;;
184052055;"CStoryScene ""dlc\dlcdandelionjh1\scenes\dlcdandjhscene1.w2scene""";Line text;DAND__184052055;;;;;;;;;;;;;;Indeed, we do just.. look at this, it's outrageous..;;;;
184052056;"CStoryScene ""dlc\dlcdandelionjh1\scenes\dlcdandjhscene1.w2scene""";Line comment;;;;;;;;;;;;;;;;;;;
184052057;"CStoryScene ""dlc\dlcdandelionjh1\scenes\dlcdandjhscene1.w2scene""";Line text;ZOLT__184052057;;;;;;;;;;;;;;Hmm.. Geralt?!;;;;
184052058;"CStoryScene ""dlc\dlcdandelionjh1\scenes\dlcdandjhscene1.w2scene""";Line comment;;;;;;;;;;;;;;;;;;;
184052059;"CStoryScene ""dlc\dlcdandelionjh1\scenes\dlcdandjhscene1.w2scene""";Line text;DAND__184052059;;;;;;;;;;;;;;Oh, Geralt! Good timing. Would you have a moment?;;;;
184052060;"CStoryScene ""dlc\dlcdandelionjh1\scenes\dlcdandjhscene1.w2scene""";Line comment;;;;;;;;;;;;;;;;;;;
184052061;"CStoryScene ""dlc\dlcdandelionjh1\scenes\dlcdandjhscene1.w2scene""";Line text;GRLT__184052061;;;;;;;;;;;;;;What is it, Dandelion?;;;;
184052062;"CStoryScene ""dlc\dlcdandelionjh1\scenes\dlcdandjhscene1.w2scene""";Line comment;;;;;;;;;;;;;;;;;;;
184052063;"CStoryScene ""dlc\dlcdandelionjh1\scenes\dlcdandjhscene1.w2scene""";Line text;DAND__184052063;;;;;;;;;;;;;;Well.. As I understand it, dear friend, you're preparing for what shall undoubtedly be a most spectacular confrontation with those dreadful phantoms of the Wild Hunt.;;;;
184052064;"CStoryScene ""dlc\dlcdandelionjh1\scenes\dlcdandjhscene1.w2scene""";Line comment;;;;;;;;;;;;;;;;;;;
184052065;"CStoryScene ""dlc\dlcdandelionjh1\scenes\dlcdandjhscene1.w2scene""";Line text;DAND__184052065;;;;;;;;;;;;;;And I've been thinking - before you venture forth into this perilous quest, we simply must host a proper send-off for you all, here at the Chameleon!;;;;
184052066;"CStoryScene ""dlc\dlcdandelionjh1\scenes\dlcdandjhscene1.w2scene""";Line comment;;;;;;;;;;;;;;;;;;;
184052067;"CStoryScene ""dlc\dlcdandelionjh1\scenes\dlcdandjhscene1.w2scene""";Line text;GRLT__184052067;;;;;;;;;;;;;;Dandelion... Always looking for an excuse to throw a party?;;;;
184052068;"CStoryScene ""dlc\dlcdandelionjh1\scenes\dlcdandjhscene1.w2scene""";Line comment;;;;;;;;;;;;;;;;;;;
184052069;"CStoryScene ""dlc\dlcdandelionjh1\scenes\dlcdandjhscene1.w2scene""";Line text;DAND__184052069;;;;;;;;;;;;;;My dear Geralt, This isn't merely some frivolous celebration - this is about honoring friends before their noble quest!;;;;
184052070;"CStoryScene ""dlc\dlcdandelionjh1\scenes\dlcdandjhscene1.w2scene""";Line comment;;;;;;;;;;;;;;;;;;;
184052071;"CStoryScene ""dlc\dlcdandelionjh1\scenes\dlcdandjhscene1.w2scene""";Line text;DAND__184052071;;;;;;;;;;;;;;Besides, when have my parties ever failed to lift spirits..?;;;;
184052072;"CStoryScene ""dlc\dlcdandelionjh1\scenes\dlcdandjhscene1.w2scene""";Line comment;;;;;;;;;;;;;;;;;;;
184052073;"CStoryScene ""dlc\dlcdandelionjh1\scenes\dlcdandjhscene1.w2scene""";Line text;GRLT__184052073;;;;;;;;;;;;;;Hmm..;;;;
184052074;"CStoryScene ""dlc\dlcdandelionjh1\scenes\dlcdandjhscene1.w2scene""";Line comment;;;;;;;;;;;;;;;;;;;
184052075;"CStoryScene ""dlc\dlcdandelionjh1\scenes\dlcdandjhscene1.w2scene""";Line text;ZOLT__184052075;;;;;;;;;;;;;;Oh, doubt it..;;;;
184052076;"CStoryScene ""dlc\dlcdandelionjh1\scenes\dlcdandjhscene1.w2scene""";Line comment;;;;;;;;;;;;;;;;;;;
184052077;"CStoryScene ""dlc\dlcdandelionjh1\scenes\dlcdandjhscene1.w2scene""";Line text;DAND__184052077;;;;;;;;;;;;;;I'm sure it would! Alas, we have a rather vexing problem. Our supplier - Janukovits Vobblewick - has been shamelessly raising prices like a duke hiking peasant taxes!;;;;
184052078;"CStoryScene ""dlc\dlcdandelionjh1\scenes\dlcdandjhscene1.w2scene""";Line comment;;;;;;;;;;;;;;;;;;;
184052079;"CStoryScene ""dlc\dlcdandelionjh1\scenes\dlcdandjhscene1.w2scene""";Line text;ZOLT__184052079;;;;;;;;;;;;;;Keep forgetting he's got that damn fool name..;;;;
184052080;"CStoryScene ""dlc\dlcdandelionjh1\scenes\dlcdandjhscene1.w2scene""";Line comment;;;;;;;;;;;;;;;;;;;
184052081;"CStoryScene ""dlc\dlcdandelionjh1\scenes\dlcdandjhscene1.w2scene""";Line text;DAND__184052081;;;;;;;;;;;;;;Well.. As much as it pains my artistic soul, I simply cannot acquire the necessary provisions for the evening's festivities.;;;;
184052082;"CStoryScene ""dlc\dlcdandelionjh1\scenes\dlcdandjhscene1.w2scene""";Line comment;;;;;;;;;;;;;;;;;;;
184052083;"CStoryScene ""dlc\dlcdandelionjh1\scenes\dlcdandjhscene1.w2scene""";Line text;GRLT__184052083;;;;;;;;;;;;;;And how exactly could I help in this matter..?;;;;
184052084;"CStoryScene ""dlc\dlcdandelionjh1\scenes\dlcdandjhscene1.w2scene""";Line comment;;;;;;;;;;;;;;;;;;;
184052085;"CStoryScene ""dlc\dlcdandelionjh1\scenes\dlcdandjhscene1.w2scene""";Line text;DAND__184052085;;;;;;;;;;;;;;Well, I know you have done much already, but could you and Zoltan pay our supplier a little visit? You know, engage in some... constructive negotiation?;;;;
184052086;"CStoryScene ""dlc\dlcdandelionjh1\scenes\dlcdandjhscene1.w2scene""";Line comment;;;;;;;;;;;;;;;;;;;
184052087;"CStoryScene ""dlc\dlcdandelionjh1\scenes\dlcdandjhscene1.w2scene""";Line text;DAND__184052087;;;;;;;;;;;;;;I'm sure your, ehm, combined persuasive talents would help them see reason, regarding these outrageous prices. I suggest purely diplomatic approach, of course...;;;;
184052088;"CStoryScene ""dlc\dlcdandelionjh1\scenes\dlcdandjhscene1.w2scene""";Line comment;;;;;;;;;;;;;;;;;;;
184052089;"CStoryScene ""dlc\dlcdandelionjh1\scenes\dlcdandjhscene1.w2scene""";Line text;GRLT__184052089;;;;;;;;;;;;;;Fine, we'll give it a try, but no promises. I am not about to blackmail anyone.;;;;
184052090;"CStoryScene ""dlc\dlcdandelionjh1\scenes\dlcdandjhscene1.w2scene""";Line comment;;;;;;;;;;;;;;;;;;;
184052091;"CStoryScene ""dlc\dlcdandelionjh1\scenes\dlcdandjhscene1.w2scene""";Line text;DAND__184052091;;;;;;;;;;;;;;Splendid! Vobblewick is usually at the market, Zoltan knows the place.;;;;
184052092;"CStoryScene ""dlc\dlcdandelionjh1\scenes\dlcdandjhscene1.w2scene""";Line comment;;;;;;;;;;;;;;;;;;;
184052093;"CStoryScene ""dlc\dlcdandelionjh1\scenes\dlcdandjhscene1.w2scene""";Line text;ZOLT__184052093;;;;;;;;;;;;;;Aye aye, Let's go..;;;;
184052094;"CStoryScene ""dlc\dlcdandelionjh1\scenes\dlcdandjhscene1.w2scene""";Line comment;;;;;;;;;;;;;;;;;;;
184052095;"CStoryScene ""dlc\dlcdandelionjh1\scenes\dlcdandjhscene1.w2scene""";Line text;DAND__184052095;;;;;;;;;;;;;;Well, perhaps some tales are better left untold, but that's hardly the point! Zoltan, you thought this was a good idea, right?;;;;
184052096;"CStoryScene ""dlc\dlcdandelionjh1\scenes\dlcdandjhscene1.w2scene""";Line comment;;;;;;;;;;;;;;;;;;;
184052097;"CStoryScene ""dlc\dlcdandelionjh1\scenes\dlcdandjhscene1.w2scene""";Line text;ZOLT__184052097;;;;;;;;;;;;;;Oh yes, I never refuse a drink?;;;;
184052098;"CStoryScene ""dlc\dlcdandelionjh1\scenes\dlcdandjhscene1.w2scene""";Line comment;;;;;;;;;;;;;;;;;;;
184052099;"CStoryScene ""dlc\dlcdandelionjh1\scenes\dlcdandjhscene1.w2scene""";Line text;DAND__184052099;;;;;;;;;;;;;;Can you believe the audacity? A proper send-off for you all, is thwarted by mere... Economics!;;;;
184052100;"CEntityTemplate ""dlc\dlcdandelionjh1\npcs\novigrad_citizen_copyjh.w2ent""";Entity display name;;;;;;;;;;;;;;;Supplier;;;;
184052101;"CStoryScene ""dlc\dlcdandelionjh1\scenes\dlcdandjhscene2.w2scene""";Line comment;;;;;;;;;;;;;;;;;;;
184052102;"CStoryScene ""dlc\dlcdandelionjh1\scenes\dlcdandjhscene2.w2scene""";Line text;ZOLT__184052102;;;;;;;;;;;;;;We're here..;;;;
184052103;"CStoryScene ""dlc\dlcdandelionjh1\scenes\dlcdandjhscene2.w2scene""";Line comment;;;;;;;;;;;;;;;;;;;
184052104;"CStoryScene ""dlc\dlcdandelionjh1\scenes\dlcdandjhscene2.w2scene""";Line text;ZOLT__184052104;;;;;;;;;;;;;;Hey, humans!;;;;
184052105;"CStoryScene ""dlc\dlcdandelionjh1\scenes\dlcdandjhscene2.w2scene""";Line comment;;;;;;;;;;;;;;;;;;;
184052106;"CStoryScene ""dlc\dlcdandelionjh1\scenes\dlcdandjhscene2.w2scene""";Line text;NNBM1__184052106;;;;;;;;;;;;;;Oh shite! BY THE ETERNAL FIRE! Zoltan?! That's... that's almost an hour's counting gone to waste now!;;;;
184052107;"CStoryScene ""dlc\dlcdandelionjh1\scenes\dlcdandjhscene2.w2scene""";Line comment;;;;;;;;;;;;;;;;;;;
184052108;"CStoryScene ""dlc\dlcdandelionjh1\scenes\dlcdandjhscene2.w2scene""";Line text;GRLT__184052108;;;;;;;;;;;;;;Are you Janukovits Vobblewick?;;;;
184052109;"CStoryScene ""dlc\dlcdandelionjh1\scenes\dlcdandjhscene2.w2scene""";Line comment;;;;;;;;;;;;;;;;;;;
184052110;"CStoryScene ""dlc\dlcdandelionjh1\scenes\dlcdandjhscene2.w2scene""";Line text;NNBM1__184052110;;;;;;;;;;;;;;Yes I am..;;;;
184052111;"CStoryScene ""dlc\dlcdandelionjh1\scenes\dlcdandjhscene2.w2scene""";Line comment;;;;;;;;;;;;;;;;;;;
184052112;"CStoryScene ""dlc\dlcdandelionjh1\scenes\dlcdandjhscene2.w2scene""";Line text;ZOLT__184052112;;;;;;;;;;;;;;You sure?;;;;
184052113;"CStoryScene ""dlc\dlcdandelionjh1\scenes\dlcdandjhscene2.w2scene""";Line comment;;;;;;;;;;;;;;;;;;;
184052114;"CStoryScene ""dlc\dlcdandelionjh1\scenes\dlcdandjhscene2.w2scene""";Line text;ZOLT__184052114;;;;;;;;;;;;;;heh, Well, you've had a busy morning then, haven't ye?;;;;
184052115;"CStoryScene ""dlc\dlcdandelionjh1\scenes\dlcdandjhscene2.w2scene""";Line comment;;;;;;;;;;;;;;;;;;;
184052116;"CStoryScene ""dlc\dlcdandelionjh1\scenes\dlcdandjhscene2.w2scene""";Line text;NNBM1__184052116;;;;;;;;;;;;;;I always do.. Who is this then?;;;;
184052117;"CStoryScene ""dlc\dlcdandelionjh1\scenes\dlcdandjhscene2.w2scene""";Line comment;;;;;;;;;;;;;;;;;;;
184052118;"CStoryScene ""dlc\dlcdandelionjh1\scenes\dlcdandjhscene2.w2scene""";Line text;NNBM1__184052118;;;;;;;;;;;;;;Ah.. Yes. Because, my supply lines are constantly robbed by someone, who calls himself Steel Steve and his gang..;;;;
184052119;"CStoryScene ""dlc\dlcdandelionjh1\scenes\dlcdandjhscene2.w2scene""";Line comment;;;;;;;;;;;;;;;;;;;
184052120;"CStoryScene ""dlc\dlcdandelionjh1\scenes\dlcdandjhscene2.w2scene""";Line text;GRLT__184052120;;;;;;;;;;;;;;So, you do have a problem then.. A bandit named Steel Steve..?;;;;
184052121;"CStoryScene ""dlc\dlcdandelionjh1\scenes\dlcdandjhscene2.w2scene""";Line comment;;;;;;;;;;;;;;;;;;;
184052122;"CStoryScene ""dlc\dlcdandelionjh1\scenes\dlcdandjhscene2.w2scene""";Line text;GRLT__184052122;;;;;;;;;;;;;;I wonder if he came up with the name himself.. Have you tried to hire guards?;;;;
184052123;"CStoryScene ""dlc\dlcdandelionjh1\scenes\dlcdandjhscene2.w2scene""";Line comment;;;;;;;;;;;;;;;;;;;
184052124;"CStoryScene ""dlc\dlcdandelionjh1\scenes\dlcdandjhscene2.w2scene""";Line text;ZOLT__184052124;;;;;;;;;;;;;;Course.. What a prick..;;;;
184052125;"CStoryScene ""dlc\dlcdandelionjh1\scenes\dlcdandjhscene2.w2scene""";Line comment;;;;;;;;;;;;;;;;;;;
184052126;"CStoryScene ""dlc\dlcdandelionjh1\scenes\dlcdandjhscene2.w2scene""";Line text;NNBM1__184052126;;;;;;;;;;;;;;Yes, I did hire guards, but they are either dead or ran off.. The army doesn’t care with the war going on, or maybe Steve has bribed the officials..;;;;
184052127;"CStoryScene ""dlc\dlcdandelionjh1\scenes\dlcdandjhscene2.w2scene""";Line comment;;;;;;;;;;;;;;;;;;;
184052128;"CStoryScene ""dlc\dlcdandelionjh1\scenes\dlcdandjhscene2.w2scene""";Line text;NNBM1__184052128;;;;;;;;;;;;;;Although.. Now that I look at you, I might have an idea on how we could solve both of our problems..;;;;
184052129;"CStoryScene ""dlc\dlcdandelionjh1\scenes\dlcdandjhscene2.w2scene""";Line comment;;;;;;;;;;;;;;;;;;;
184052130;"CStoryScene ""dlc\dlcdandelionjh1\scenes\dlcdandjhscene2.w2scene""";Line text;ZOLT__184052130;;;;;;;;;;;;;;Hmm.. That's how you want to put it.. Alright. How can we help? Speak!;;;;
184052131;"CStoryScene ""dlc\dlcdandelionjh1\scenes\dlcdandjhscene2.w2scene""";Line comment;;;;;;;;;;;;;;;;;;;
184052132;"CStoryScene ""dlc\dlcdandelionjh1\scenes\dlcdandjhscene2.w2scene""";Line text;NNBM1__184052132;;;;;;;;;;;;;;Mikhael there, he knows the usual supply route. Wouldn't be hard to... umm.. arrange some extra cargo. The kind that bites back when Steel Steve shows his face?;;;;
184052133;"CStoryScene ""dlc\dlcdandelionjh1\scenes\dlcdandjhscene2.w2scene""";Line comment;;;;;;;;;;;;;;;;;;;
184052134;"CStoryScene ""dlc\dlcdandelionjh1\scenes\dlcdandjhscene2.w2scene""";Line text;ZOLT__184052134;;;;;;;;;;;;;;Ah.. Got a feeling it could be a decent way..;;;;
184052135;"CStoryScene ""dlc\dlcdandelionjh1\scenes\dlcdandjhscene2.w2scene""";Line comment;;;;;;;;;;;;;;;;;;;
184052136;"CStoryScene ""dlc\dlcdandelionjh1\scenes\dlcdandjhscene2.w2scene""";Line text;GRLT__184052136;;;;;;;;;;;;;;You sure Steve would fall for something simple like that?;;;;
184052137;"CStoryScene ""dlc\dlcdandelionjh1\scenes\dlcdandjhscene2.w2scene""";Line comment;;;;;;;;;;;;;;;;;;;
184052138;"CStoryScene ""dlc\dlcdandelionjh1\scenes\dlcdandjhscene2.w2scene""";Line text;NNBM1__184052138;;;;;;;;;;;;;;Heard he’s grown arrogant. Thinks he’s untouchable. You know his kind—can’t resist prey that looks plump and helpless. Plant a lone cart on the road and he’ll scent the coin like a wolf.;;;;
184052139;"CStoryScene ""dlc\dlcdandelionjh1\scenes\dlcdandjhscene2.w2scene""";Line comment;;;;;;;;;;;;;;;;;;;
184052140;"CStoryScene ""dlc\dlcdandelionjh1\scenes\dlcdandjhscene2.w2scene""";Line text;ZOLT__184052140;;;;;;;;;;;;;;Eh, who can tell.. One thing is sure, we'll never know if we never try..;;;;
184052141;"CStoryScene ""dlc\dlcdandelionjh1\scenes\dlcdandjhscene2.w2scene""";Line comment;;;;;;;;;;;;;;;;;;;
184052142;"CStoryScene ""dlc\dlcdandelionjh1\scenes\dlcdandjhscene2.w2scene""";Line text;GRLT__184052142;;;;;;;;;;;;;;Alright.. I guess we can try this grand plan of yours...;;;;
184052143;"CStoryScene ""dlc\dlcdandelionjh1\scenes\dlcdandjhscene2.w2scene""";Line comment;;;;;;;;;;;;;;;;;;;
184052144;"CStoryScene ""dlc\dlcdandelionjh1\scenes\dlcdandjhscene2.w2scene""";Line text;ZOLT__184052144;;;;;;;;;;;;;;Just do your part.. We'll give them a royal welcome!;;;;
184052145;"CStoryScene ""dlc\dlcdandelionjh1\scenes\dlcdandjhscene2.w2scene""";Line comment;;;;;;;;;;;;;;;;;;;
184052146;"CStoryScene ""dlc\dlcdandelionjh1\scenes\dlcdandjhscene2.w2scene""";Line text;NNBM1__184052146;;;;;;;;;;;;;;We most certainly will do our part..;;;;
184052147;"CStoryScene ""dlc\dlcdandelionjh1\scenes\dlcdandjhscene2.w2scene""";Line comment;;;;;;;;;;;;;;;;;;;
184052148;"CStoryScene ""dlc\dlcdandelionjh1\scenes\dlcdandjhscene2.w2scene""";Line text;NNBM1__184052148;;;;;;;;;;;;;;Mikhael! Come here! We have important things to discuss..;;;;
184052149;"CStoryScene ""dlc\dlcdandelionjh1\scenes\dlcdandjhscene2.w2scene""";Line comment;;;;;;;;;;;;;;;;;;;
184052150;"CStoryScene ""dlc\dlcdandelionjh1\scenes\dlcdandjhscene2.w2scene""";Line text;GRLT__184052150;;;;;;;;;;;;;;Friend of mine runs an inn. Says you've been hiking up prices. Either you're getting greedy... Or something's eating into your profits. Which is it?;;;;
184052151;"CStoryScene ""dlc\dlcdandelionjh1\scenes\dlcdandjhscene2.w2scene""";Line comment;;;;;;;;;;;;;;;;;;;
184052152;"CStoryScene ""dlc\dlcdandelionjh1\scenes\dlcdandjhscene2.w2scene""";Line text;NNBM1__184052152;;;;;;;;;;;;;;Well, I really didn’t have a choice. I had to keep raising the prices..;;;;
184052153;"CStoryScene ""dlc\dlcdandelionjh1\scenes\dlcdandjhscene4.w2scene""";Line comment;;;;;;;;;;;;;;;;;;;
184052154;"CStoryScene ""dlc\dlcdandelionjh1\scenes\dlcdandjhscene4.w2scene""";Line text;NNBM1__184052154;;;;;;;;;;;;;;May the sun strike me blind! Good to see you’re back! I hope you have good news..?;;;;
184052155;"CStoryScene ""dlc\dlcdandelionjh1\scenes\dlcdandjhscene4.w2scene""";Line comment;;;;;;;;;;;;;;;;;;;
184052156;"CStoryScene ""dlc\dlcdandelionjh1\scenes\dlcdandjhscene4.w2scene""";Line text;ZOLT__184052156;;;;;;;;;;;;;;It Worked!;;;;
184052157;"CStoryScene ""dlc\dlcdandelionjh1\scenes\dlcdandjhscene4.w2scene""";Line comment;;;;;;;;;;;;;;;;;;;
184052158;"CStoryScene ""dlc\dlcdandelionjh1\scenes\dlcdandjhscene4.w2scene""";Line text;GRLT__184052158;;;;;;;;;;;;;;Didn't expect hiding in a cart would be this effective.;;;;
184052159;"CStoryScene ""dlc\dlcdandelionjh1\scenes\dlcdandjhscene4.w2scene""";Line comment;;;;;;;;;;;;;;;;;;;
184052160;"CStoryScene ""dlc\dlcdandelionjh1\scenes\dlcdandjhscene4.w2scene""";Line text;NNBM1__184052160;;;;;;;;;;;;;;So, Steel Steve.. did you manage to, ehm..?;;;;
184052161;"CStoryScene ""dlc\dlcdandelionjh1\scenes\dlcdandjhscene4.w2scene""";Line comment;;;;;;;;;;;;;;;;;;;
184052162;"CStoryScene ""dlc\dlcdandelionjh1\scenes\dlcdandjhscene4.w2scene""";Line text;ZOLT__184052162;;;;;;;;;;;;;;Finish him off? Oh yes. Through conventional means.;;;;
184052163;"CStoryScene ""dlc\dlcdandelionjh1\scenes\dlcdandjhscene4.w2scene""";Line comment;;;;;;;;;;;;;;;;;;;
184052164;"CStoryScene ""dlc\dlcdandelionjh1\scenes\dlcdandjhscene4.w2scene""";Line text;GRLT__184052164;;;;;;;;;;;;;;Sadly, Steve didn’t understand but one thing, steel.. Mikhael has his helmet for you.;;;;
184052165;"CStoryScene ""dlc\dlcdandelionjh1\scenes\dlcdandjhscene4.w2scene""";Line comment;;;;;;;;;;;;;;;;;;;
184052166;"CStoryScene ""dlc\dlcdandelionjh1\scenes\dlcdandjhscene4.w2scene""";Line text;NNBM1__184052166;;;;;;;;;;;;;;There's no need for that, I believe his word. Good thing you kept him alive.. How did it go?;;;;
184052167;"CStoryScene ""dlc\dlcdandelionjh1\scenes\dlcdandjhscene4.w2scene""";Line comment;;;;;;;;;;;;;;;;;;;
184052168;"CStoryScene ""dlc\dlcdandelionjh1\scenes\dlcdandjhscene4.w2scene""";Line text;NNBM2__184052168;;;;;;;;;;;;;;I saw the fight with my own eyes and frankly still feel it in my stomach.. Yes, Steel Steve and his gang, all dead..;;;;
184052169;"CStoryScene ""dlc\dlcdandelionjh1\scenes\dlcdandjhscene4.w2scene""";Line comment;;;;;;;;;;;;;;;;;;;
184052170;"CStoryScene ""dlc\dlcdandelionjh1\scenes\dlcdandjhscene4.w2scene""";Line text;GRLT__184052170;;;;;;;;;;;;;;So, your problem should be solved, but how about ours..?;;;;
184052171;"CStoryScene ""dlc\dlcdandelionjh1\scenes\dlcdandjhscene4.w2scene""";Line comment;;;;;;;;;;;;;;;;;;;
184052172;"CStoryScene ""dlc\dlcdandelionjh1\scenes\dlcdandjhscene4.w2scene""";Line text;ZOLT__184052172;;;;;;;;;;;;;;Excellent question!;;;;
184052173;"CStoryScene ""dlc\dlcdandelionjh1\scenes\dlcdandjhscene4.w2scene""";Line comment;;;;;;;;;;;;;;;;;;;
184052174;"CStoryScene ""dlc\dlcdandelionjh1\scenes\dlcdandjhscene4.w2scene""";Line text;NNBM1__184052174;;;;;;;;;;;;;;Ah yes, I haven’t forgotten. I shall grant you a discount on all my wares—at a third of the usual price.;;;;
184052175;"CStoryScene ""dlc\dlcdandelionjh1\scenes\dlcdandjhscene4.w2scene""";Line comment;;;;;;;;;;;;;;;;;;;
184052176;"CStoryScene ""dlc\dlcdandelionjh1\scenes\dlcdandjhscene4.w2scene""";Line text;ZOLT__184052176;;;;;;;;;;;;;;Ah, that's grand!;;;;
184052177;"CStoryScene ""dlc\dlcdandelionjh1\scenes\dlcdandjhscene4.w2scene""";Line comment;;;;;;;;;;;;;;;;;;;
184052178;"CStoryScene ""dlc\dlcdandelionjh1\scenes\dlcdandjhscene4.w2scene""";Line text;GRLT__184052178;;;;;;;;;;;;;;Quite a hefty cut, thanks.;;;;
184052179;"CStoryScene ""dlc\dlcdandelionjh1\scenes\dlcdandjhscene4.w2scene""";Line comment;;;;;;;;;;;;;;;;;;;
184052180;"CStoryScene ""dlc\dlcdandelionjh1\scenes\dlcdandjhscene4.w2scene""";Line text;NNBM1__184052180;;;;;;;;;;;;;;Thanks to you as well. It's good to see someone capable for once.;;;;
184052181;"CStoryScene ""dlc\dlcdandelionjh1\scenes\dlcdandjhscene4.w2scene""";Line comment;;;;;;;;;;;;;;;;;;;
184052182;"CStoryScene ""dlc\dlcdandelionjh1\scenes\dlcdandjhscene4.w2scene""";Line text;ZOLT__184052182;;;;;;;;;;;;;;Right, that should do it..;;;;
184052183;"CStoryScene ""dlc\dlcdandelionjh1\scenes\dlcdandjhscene4.w2scene""";Line comment;;;;;;;;;;;;;;;;;;;
184052184;"CStoryScene ""dlc\dlcdandelionjh1\scenes\dlcdandjhscene4.w2scene""";Line text;GRLT__184052184;;;;;;;;;;;;;;Back to Dandelion?;;;;
184052185;"CStoryScene ""dlc\dlcdandelionjh1\scenes\dlcdandjhscene4.w2scene""";Line comment;;;;;;;;;;;;;;;;;;;
184052186;"CStoryScene ""dlc\dlcdandelionjh1\scenes\dlcdandjhscene4.w2scene""";Line text;ZOLT__184052186;;;;;;;;;;;;;;You Betcha!;;;;
184052187;"CStoryScene ""dlc\dlcdandelionjh1\scenes\dlcdandjhscene4.w2scene""";Line comment;;;;;;;;;;;;;;;;;;;
184052188;"CStoryScene ""dlc\dlcdandelionjh1\scenes\dlcdandjhscene4.w2scene""";Line text;NNBM1__184052188;;;;;;;;;;;;;;Pleasure doing business with you. Take care.;;;;
184052189;"CStoryScene ""dlc\dlcdandelionjh1\scenes\dlcdandjhscene4.w2scene""";Line comment;;;;;;;;;;;;;;;;;;;
184052190;"CStoryScene ""dlc\dlcdandelionjh1\scenes\dlcdandjhscene4.w2scene""";Line text;ZOLT__184052190;;;;;;;;;;;;;;See you again, come on Geralt.;;;;
184052191;"CStoryScene ""dlc\dlcdandelionjh1\scenes\dlcdandjhscene4.w2scene""";Line comment;;;;;;;;;;;;;;;;;;;
184052192;"CStoryScene ""dlc\dlcdandelionjh1\scenes\dlcdandjhscene4.w2scene""";Line text;ZOLT__184052192;;;;;;;;;;;;;;Aye aye.;;;;
184052193;"CStoryScene ""dlc\dlcdandelionjh1\scenes\cartjh2.w2scene""";Line comment;;;;;;;;;;;;;;;;;;;
184052194;"CStoryScene ""dlc\dlcdandelionjh1\scenes\cartjh2.w2scene""";Line text;ZOLT__184052194;;;;;;;;;;;;;;Alright... It's done.;;;;
184052195;"CStoryScene ""dlc\dlcdandelionjh1\scenes\cartjh2.w2scene""";Line comment;;;;;;;;;;;;;;;;;;;
184052196;"CStoryScene ""dlc\dlcdandelionjh1\scenes\cartjh2.w2scene""";Line text;ZOLT__184052196;;;;;;;;;;;;;;Poor son of a bitch..;;;;
184052197;"CStoryScene ""dlc\dlcdandelionjh1\scenes\cartjh2.w2scene""";Line comment;;;;;;;;;;;;;;;;;;;
184052198;"CStoryScene ""dlc\dlcdandelionjh1\scenes\cartjh2.w2scene""";Line text;GRLT__184052198;;;;;;;;;;;;;;Could've ended differently for them.. Slim chance, though.;;;;
184052199;"CStoryScene ""dlc\dlcdandelionjh1\scenes\cartjh2.w2scene""";Line comment;;;;;;;;;;;;;;;;;;;
184052200;"CStoryScene ""dlc\dlcdandelionjh1\scenes\cartjh2.w2scene""";Line text;ZOLT__184052200;;;;;;;;;;;;;;You did well, Geralt.;;;;
184052201;"CStoryScene ""dlc\dlcdandelionjh1\scenes\cartjh2.w2scene""";Line comment;;;;;;;;;;;;;;;;;;;
184052202;"CStoryScene ""dlc\dlcdandelionjh1\scenes\cartjh2.w2scene""";Line text;GRLT__184052202;;;;;;;;;;;;;;Likewise..;;;;
184052203;"CStoryScene ""dlc\dlcdandelionjh1\scenes\cartjh2.w2scene""";Line comment;;;;;;;;;;;;;;;;;;;
184052204;"CStoryScene ""dlc\dlcdandelionjh1\scenes\cartjh2.w2scene""";Line text;NNBM2__184052204;;;;;;;;;;;;;;Ah.. erm.. No, no that's not necessary.. I think a helmet will suffice..;;;;
184052205;"CStoryScene ""dlc\dlcdandelionjh1\scenes\cartjh2.w2scene""";Line comment;;;;;;;;;;;;;;;;;;;
184052206;"CStoryScene ""dlc\dlcdandelionjh1\scenes\cartjh2.w2scene""";Line text;GRLT__184052206;;;;;;;;;;;;;;Alright, we are done here then.;;;;
184052207;"CStoryScene ""dlc\dlcdandelionjh1\scenes\cartjh2.w2scene""";Line comment;;;;;;;;;;;;;;;;;;;
184052208;"CStoryScene ""dlc\dlcdandelionjh1\scenes\cartjh2.w2scene""";Line text;ZOLT__184052208;;;;;;;;;;;;;;Right you are..;;;;
184052209;"CStoryScene ""dlc\dlcdandelionjh1\scenes\cartjh2.w2scene""";Line comment;;;;;;;;;;;;;;;;;;;
184052210;"CStoryScene ""dlc\dlcdandelionjh1\scenes\cartjh2.w2scene""";Line text;ZOLT__184052210;;;;;;;;;;;;;;Would you be kind enough to move that arse of yours..?;;;;
184052211;"CStoryScene ""dlc\dlcdandelionjh1\scenes\cartjh2.w2scene""";Line comment;;;;;;;;;;;;;;;;;;;
184052212;"CStoryScene ""dlc\dlcdandelionjh1\scenes\cartjh2.w2scene""";Line text;NNBM2__184052212;;;;;;;;;;;;;;Oh, eh, yes.. right away..;;;;
184052213;"CEntityTemplate ""dlc\dlcdandelionjh1\npcs\bob_raider_lvl2_copyjh.w2ent""";Entity display name;;;;;;;;;;;;;;;;;;;
184052214;"CStoryScene ""dlc\dlcdandelionjh1\scenes\dlcdandjhscene5.w2scene""";Line comment;;;;;;;;;;;;;;;;;;;
184052215;"CStoryScene ""dlc\dlcdandelionjh1\scenes\dlcdandjhscene5.w2scene""";Line text;ZOLT__184052215;;;;;;;;;;;;;;Dandelion, you rascal..!;;;;
184052216;"CStoryScene ""dlc\dlcdandelionjh1\scenes\dlcdandjhscene5.w2scene""";Line comment;;;;;;;;;;;;;;;;;;;
184052217;"CStoryScene ""dlc\dlcdandelionjh1\scenes\dlcdandjhscene5.w2scene""";Line text;ZOLT__184052217;;;;;;;;;;;;;;I'm pleased. That went well.;;;;
184052218;"CStoryScene ""dlc\dlcdandelionjh1\scenes\dlcdandjhscene5.w2scene""";Line comment;;;;;;;;;;;;;;;;;;;
184052219;"CStoryScene ""dlc\dlcdandelionjh1\scenes\dlcdandjhscene5.w2scene""";Line text;GRLT__184052219;;;;;;;;;;;;;;We got you a third off Vobblewick's prices..;;;;
184052220;"CStoryScene ""dlc\dlcdandelionjh1\scenes\dlcdandjhscene5.w2scene""";Line comment;;;;;;;;;;;;;;;;;;;
184052221;"CStoryScene ""dlc\dlcdandelionjh1\scenes\dlcdandjhscene5.w2scene""";Line text;DAND__184052221;;;;;;;;;;;;;;Really?? What did you have to do for Vobblewick to accept such a cut?;;;;
184052222;"CStoryScene ""dlc\dlcdandelionjh1\scenes\dlcdandjhscene5.w2scene""";Line comment;;;;;;;;;;;;;;;;;;;
184052223;"CStoryScene ""dlc\dlcdandelionjh1\scenes\dlcdandjhscene5.w2scene""";Line text;ZOLT__184052223;;;;;;;;;;;;;;The art of poking your nose in others business..;;;;
184052224;"CStoryScene ""dlc\dlcdandelionjh1\scenes\dlcdandjhscene5.w2scene""";Line comment;;;;;;;;;;;;;;;;;;;
184052225;"CStoryScene ""dlc\dlcdandelionjh1\scenes\dlcdandjhscene5.w2scene""";Line text;GRLT__184052225;;;;;;;;;;;;;;Well, simply put.. We had to deal with some bandits that were causing trouble for Vobblewick..;;;;
184052226;"CStoryScene ""dlc\dlcdandelionjh1\scenes\dlcdandjhscene5.w2scene""";Line comment;;;;;;;;;;;;;;;;;;;
184052227;"CStoryScene ""dlc\dlcdandelionjh1\scenes\dlcdandjhscene5.w2scene""";Line text;ZOLT__184052227;;;;;;;;;;;;;;Bloody gentle way to put it..;;;;
184052228;"CStoryScene ""dlc\dlcdandelionjh1\scenes\dlcdandjhscene5.w2scene""";Line comment;;;;;;;;;;;;;;;;;;;
184052229;"CStoryScene ""dlc\dlcdandelionjh1\scenes\dlcdandjhscene5.w2scene""";Line text;DAND__184052229;;;;;;;;;;;;;;Well, whatever it was.. A third off the prices, that's fabulous! Great job!;;;;
184052230;"CStoryScene ""dlc\dlcdandelionjh1\scenes\dlcdandjhscene5.w2scene""";Line comment;;;;;;;;;;;;;;;;;;;
184052231;"CStoryScene ""dlc\dlcdandelionjh1\scenes\dlcdandjhscene5.w2scene""";Line text;ZOLT__184052231;;;;;;;;;;;;;;Exactly, let's have a drink.;;;;
184052232;"CStoryScene ""dlc\dlcdandelionjh1\scenes\dlcdandjhscene5.w2scene""";Line comment;;;;;;;;;;;;;;;;;;;
184052233;"CStoryScene ""dlc\dlcdandelionjh1\scenes\dlcdandjhscene5.w2scene""";Line text;DAND__184052233;;;;;;;;;;;;;;Not yet, my friend. We need to ready some things for the evening.;;;;
184052234;"CStoryScene ""dlc\dlcdandelionjh1\scenes\dlcdandjhscene5.w2scene""";Line comment;;;;;;;;;;;;;;;;;;;
184052235;"CStoryScene ""dlc\dlcdandelionjh1\scenes\dlcdandjhscene5.w2scene""";Line text;ZOLT__184052235;;;;;;;;;;;;;;As you wish..;;;;
184052236;"CStoryScene ""dlc\dlcdandelionjh1\scenes\dlcdandjhscene5.w2scene""";Line comment;;;;;;;;;;;;;;;;;;;
184052237;"CStoryScene ""dlc\dlcdandelionjh1\scenes\dlcdandjhscene5.w2scene""";Line text;DAND__184052237;;;;;;;;;;;;;;Geralt, come back by nightfall. I swear on my lute, it's going to be worth it!;;;;
184052238;"CStoryScene ""dlc\dlcdandelionjh1\scenes\dlcdandjhscene5.w2scene""";Line comment;;;;;;;;;;;;;;;;;;;
184052239;"CStoryScene ""dlc\dlcdandelionjh1\scenes\dlcdandjhscene5.w2scene""";Line text;DAND__184052239;;;;;;;;;;;;;;Oh, you're back! That took a while really, what happened..?;;;;
184052240;"CStoryScene ""dlc\dlcdandelionjh1\scenes\dlcdandjhscene6.w2scene""";Line comment;;;;;;;;;;;;;;;;;;;
184052241;"CStoryScene ""dlc\dlcdandelionjh1\scenes\dlcdandjhscene6.w2scene""";Line text;PRIS__184052241;;;;;;;;;;;;;;Mhm, there we are, I'd say the lute's almost perfectly in tune now.;;;;
184052242;"CEntityTemplate ""dlc\dlcdandelionjh1\npcs\bandit_lvl2_copyjh.w2ent""";Entity display name;;;;;;;;;;;;;;;;;;;
184052243;"CStoryScene ""dlc\dlcdandelionjh1\scenes\dlcdandjhscene2.w2scene""";Line comment;;;;;;;;;;;;;;;;;;;
184052244;"CStoryScene ""dlc\dlcdandelionjh1\scenes\dlcdandjhscene2.w2scene""";Line text;NNBM1__184052244;;;;;;;;;;;;;;Hmmmm...;;;;
184052245;"CEntityTemplate ""dlc\dlcdandelionjh1\npcs\enemy_shortsword_super_hard_copyjh.w2ent""";Entity display name;;;;;;;;;;;;;;;Steel Steve;;;;
184052246;"CStoryScene ""dlc\dlcdandelionjh1\scenes\cartjh1.w2scene""";Line comment;;;;;;;;;;;;;;;;;;;
184052247;"CStoryScene ""dlc\dlcdandelionjh1\scenes\cartjh1.w2scene""";Line text;TBS01__184052247;;;;;;;;;;;;;;Hah! You mock me, mutant.. To overlook my generosity is to invite..;;;;
184052248;"CStoryScene ""dlc\dlcdandelionjh1\scenes\cartjh1.w2scene""";Line comment;;;;;;;;;;;;;;;;;;;
184052249;"CStoryScene ""dlc\dlcdandelionjh1\scenes\cartjh1.w2scene""";Line text;TBS01__184052249;;;;;;;;;;;;;;Just one lonely carriage..? Hmph, this is getting too easy...;;;;
184052250;"CStoryScene ""dlc\dlcdandelionjh1\scenes\cartjh1.w2scene""";Line comment;;;;;;;;;;;;;;;;;;;
184052251;"CStoryScene ""dlc\dlcdandelionjh1\scenes\cartjh1.w2scene""";Line text;TBW11__184052251;;;;;;;;;;;;;;We’re… we’re robbin’ it, right? Ain’t we?;;;;
184052252;"CStoryScene ""dlc\dlcdandelionjh1\scenes\cartjh1.w2scene""";Line comment;;;;;;;;;;;;;;;;;;;
184052253;"CStoryScene ""dlc\dlcdandelionjh1\scenes\cartjh1.w2scene""";Line text;TBS01__184052253;;;;;;;;;;;;;;Of course, it’s a free damn feast.. Get the men ready, we've got work to do.;;;;
184052254;"CStoryScene ""dlc\dlcdandelionjh1\scenes\cartjh2.w2scene""";Line comment;;;;;;;;;;;;;;;;;;;
184052255;"CStoryScene ""dlc\dlcdandelionjh1\scenes\cartjh2.w2scene""";Line text;ZOLT__184052255;;;;;;;;;;;;;;Testing this;;;;
184052256;"CStoryScene ""dlc\dlcdandelionjh1\scenes\cartjh1.w2scene""";Line comment;;;;;;;;;;;;;;;;;;;
184052257;"CStoryScene ""dlc\dlcdandelionjh1\scenes\cartjh1.w2scene""";Line text;GRLT__184052257;;;;;;;;;;;;;;I guess it's too late to ask you to surrender, so no one has to die..?;;;;
184052258;"CStoryScene ""dlc\dlcdandelionjh1\scenes\cartjh1.w2scene""";Line comment;;;;;;;;;;;;;;;;;;;
184052259;"CStoryScene ""dlc\dlcdandelionjh1\scenes\cartjh1.w2scene""";Line text;TBW11__184052259;;;;;;;;;;;;;;Stop it right there..!;;;;
184052260;"CStoryScene ""dlc\dlcdandelionjh1\scenes\cartjh1.w2scene""";Line comment;;;;;;;;;;;;;;;;;;;
184052261;"CStoryScene ""dlc\dlcdandelionjh1\scenes\cartjh1.w2scene""";Line text;NNBM2__184052261;;;;;;;;;;;;;;Oh damn, please don't hurt me! Just take whatever goods you want..!;;;;
184052262;"CStoryScene ""dlc\dlcdandelionjh1\scenes\cartjh1.w2scene""";Line comment;;;;;;;;;;;;;;;;;;;
184052263;"CStoryScene ""dlc\dlcdandelionjh1\scenes\cartjh1.w2scene""";Line text;TBS01__184052263;;;;;;;;;;;;;;Evening, oh weary traveller. That is precisely what we shall do. We shall relieve you of all your burdens.;;;;
184052264;"CStoryScene ""dlc\dlcdandelionjh1\scenes\cartjh1.w2scene""";Line comment;;;;;;;;;;;;;;;;;;;
184052265;"CStoryScene ""dlc\dlcdandelionjh1\scenes\cartjh1.w2scene""";Line text;TBS01__184052265;;;;;;;;;;;;;;Isn't that right boys..?;;;;
184052266;"CStoryScene ""dlc\dlcdandelionjh1\scenes\cartjh1.w2scene""";Line comment;;;;;;;;;;;;;;;;;;;
184052267;"CStoryScene ""dlc\dlcdandelionjh1\scenes\cartjh1.w2scene""";Line text;TBW11__184052267;;;;;;;;;;;;;;Erhm, Steve, take a look..!;;;;
184052268;"CStoryScene ""dlc\dlcdandelionjh1\scenes\cartjh1.w2scene""";Line comment;;;;;;;;;;;;;;;;;;;
184052269;"CStoryScene ""dlc\dlcdandelionjh1\scenes\cartjh1.w2scene""";Line text;ZOLT__184052269;;;;;;;;;;;;;;Ah, we've got unexpected quests..;;;;
184052270;"CStoryScene ""dlc\dlcdandelionjh1\scenes\cartjh1.w2scene""";Line comment;;;;;;;;;;;;;;;;;;;
184052271;"CStoryScene ""dlc\dlcdandelionjh1\scenes\cartjh1.w2scene""";Line text;GRLT__184052271;;;;;;;;;;;;;;Steel Steve, I presume..?;;;;
184052272;"CStoryScene ""dlc\dlcdandelionjh1\scenes\cartjh1.w2scene""";Line comment;;;;;;;;;;;;;;;;;;;
184052273;"CStoryScene ""dlc\dlcdandelionjh1\scenes\cartjh1.w2scene""";Line text;TBS01__184052273;;;;;;;;;;;;;;I am getting famous, am I? Yes, that's correct. So, some fool is paying you to hunt me down? Many have tried—none left to tell the tale.;;;;
184052274;"CStoryScene ""dlc\dlcdandelionjh1\scenes\cartjh1.w2scene""";Line comment;;;;;;;;;;;;;;;;;;;
184052275;"CStoryScene ""dlc\dlcdandelionjh1\scenes\cartjh1.w2scene""";Line text;TBS01__184052275;;;;;;;;;;;;;;However. I'm feeling generous today, drop your weapons and you may walk away..;;;;
184052276;"CStoryScene ""dlc\dlcdandelionjh1\scenes\cartjh1.w2scene""";Line comment;;;;;;;;;;;;;;;;;;;
184052277;"CStoryScene ""dlc\dlcdandelionjh1\scenes\cartjh1.w2scene""";Line text;ZOLT__184052277;;;;;;;;;;;;;;That a threat..?;;;;
184052278;"CStoryScene ""dlc\dlcdandelionjh1\scenes\cartjh1.w2scene""";Line comment;;;;;;;;;;;;;;;;;;;
184052279;"CStoryScene ""dlc\dlcdandelionjh1\scenes\cartjh1.w2scene""";Line text;TBS01__184052279;;;;;;;;;;;;;;Yes, little dwarf. Look around, you are greatly outnumbered..;;;;
184052280;"CStoryScene ""dlc\dlcdandelionjh1\scenes\cartjh1.w2scene""";Line comment;;;;;;;;;;;;;;;;;;;
184052281;"CStoryScene ""dlc\dlcdandelionjh1\scenes\cartjh1.w2scene""";Line text;ZOLT__184052281;;;;;;;;;;;;;;Exactly the ploughin' opposite..;;;;
184052282;"CStoryScene ""dlc\dlcdandelionjh1\scenes\cartjh1.w2scene""";Line comment;;;;;;;;;;;;;;;;;;;
184052283;"CStoryScene ""dlc\dlcdandelionjh1\scenes\cartjh1.w2scene""";Line text;TBS01__184052283;;;;;;;;;;;;;;Death.. Kill them.;;;;
184052284;"CStoryScene ""dlc\dlcdandelionjh1\scenes\cartjh1.w2scene""";Line comment;;;;;;;;;;;;;;;;;;;
184052285;"CStoryScene ""dlc\dlcdandelionjh1\scenes\cartjh1.w2scene""";Line text;ZOLT__184052285;;;;;;;;;;;;;;You bloody squirts, riff raff.. Geralt, C'mon!;;;;
184052286;"CEntityTemplate ""dlc\dlcdandelionjh1\npcs\enemy_shield_easy_copyjh.w2ent""";Entity display name;;;;;;;;;;;;;;;Steve's gang member;;;;
184052287;"CStoryScene ""dlc\dlcdandelionjh1\scenes\cartjh2.w2scene""";Line comment;;;;;;;;;;;;;;;;;;;
184052288;"CStoryScene ""dlc\dlcdandelionjh1\scenes\cartjh2.w2scene""";Line text;GRLT__184052288;;;;;;;;;;;;;;Hey, driver! Mikhael was it? You ok?;;;;
184052289;"CStoryScene ""dlc\dlcdandelionjh1\scenes\cartjh2.w2scene""";Line comment;;;;;;;;;;;;;;;;;;;
184052290;"CStoryScene ""dlc\dlcdandelionjh1\scenes\cartjh2.w2scene""";Line text;GRLT__184052290;;;;;;;;;;;;;;The horses bolted..;;;;
184052291;"CStoryScene ""dlc\dlcdandelionjh1\scenes\cartjh2.w2scene""";Line comment;;;;;;;;;;;;;;;;;;;
184052292;"CStoryScene ""dlc\dlcdandelionjh1\scenes\cartjh2.w2scene""";Line text;GRLT__184052292;;;;;;;;;;;;;;You wanna drag Steve's body as evidence into the cart?;;;;
184052293;"CStoryScene ""dlc\dlcdandelionjh1\scenes\cartjh2.w2scene""";Line comment;;;;;;;;;;;;;;;;;;;
184052294;"CStoryScene ""dlc\dlcdandelionjh1\scenes\cartjh2.w2scene""";Line text;GRLT__184052294;;;;;;;;;;;;;;I can hear them though, they aren't too far. Let's find them and get back to Novigrad.;;;;
184052295;"CStoryScene ""dlc\dlcdandelionjh1\scenes\dlcdandjhscene6b.w2scene""";Line comment;;;;;;;;;;;;;;;;;;;
184052296;"CStoryScene ""dlc\dlcdandelionjh1\scenes\dlcdandjhscene6b.w2scene""";Line text;DAND__184052296;;;;;;;;;;;;;;Well Well well, Is this ok???? No?? yes? no yes no?;;;;
184052297;"CStoryScene ""dlc\dlcdandelionjh1\scenes\dlcdandjhscene7.w2scene""";Line comment;;;;;;;;;;;;;;;;;;;
184052298;"CStoryScene ""dlc\dlcdandelionjh1\scenes\dlcdandjhscene7.w2scene""";Line text;DAND__184052298;;;;;;;;;;;;;;Well Well well, Is this ok???? No?? yes? no yes no?;;;;
184052299;"CStoryScene ""dlc\dlcdandelionjh1\scenes\dlcdandjhscene6.w2scene""";Line comment;;;;;;;;;;;;;;;;;;;
184052300;"CStoryScene ""dlc\dlcdandelionjh1\scenes\dlcdandjhscene6.w2scene""";Line text;DAND__184052300;;;;;;;;;;;;;;Splendid, my dear! We are all set then..;;;;
184052301;"CStoryScene ""dlc\dlcdandelionjh1\scenes\dlcdandjhscene6.w2scene""";Line comment;;;;;;;;;;;;;;;;;;;
184052302;"CStoryScene ""dlc\dlcdandelionjh1\scenes\dlcdandjhscene6.w2scene""";Line text;DAND__184052302;;;;;;;;;;;;;;Oh don't worry about that, you play wonderfully..;;;;
184052303;"CStoryScene ""dlc\dlcdandelionjh1\scenes\dlcdandjhscene6.w2scene""";Line comment;;;;;;;;;;;;;;;;;;;